<?xml version="1.0" encoding="UTF-8"?>
<project xmlns="http://www.netbeans.org/ns/project/1">
    <type>org.netbeans.modules.php.project</type>
    <configuration>
        <data xmlns="http://www.netbeans.org/ns/php-project/1">
            <name>REstate</name>
        </data>
        <spellchecker-wordlist xmlns="http://www.netbeans.org/ns/spellchecker-wordlist/1">
            <word>borker</word>
            <word>fcom</word>
            <word>fnc</word>
            <word>focom</word>
            <word>fomr</word>
            <word>html</word>
            <word>nbs</word>
            <word>php</word>
            <word>SEcto</word>
            <word>texbox</word>
            <word>textbox</word>
        </spellchecker-wordlist>
    </configuration>
</project>
